x,y
1/3/2006,46.23
1/4/2006,46.32
1/5/2006,45.69
1/6/2006,45.88
1/9/2006,45.71
1/10/2006,45.86
1/11/2006,46.57
1/12/2006,45.74
1/13/2006,45.4
1/17/2006,44.95
1/18/2006,44.88
1/19/2006,45.8
1/20/2006,45
1/23/2006,45.25
1/24/2006,45.72
1/25/2006,45.97
1/26/2006,46.32
1/27/2006,45.84
1/30/2006,46.41
1/31/2006,46.11
2/1/2006,46.14
2/2/2006,46.28
2/3/2006,45.49
2/6/2006,45.08
2/7/2006,44.74
2/8/2006,45.4
2/9/2006,45.7
2/10/2006,45.75
2/13/2006,45.51
2/14/2006,46.45
2/15/2006,46.89
2/16/2006,46.63
2/17/2006,46.1
2/21/2006,45.74
2/22/2006,45.48
2/23/2006,45.7
2/24/2006,45.45
2/27/2006,45.76
2/28/2006,45.36
3/1/2006,45.15
3/2/2006,45.06
3/3/2006,45.33
3/6/2006,45.12
3/7/2006,45.27
3/8/2006,45.27
3/9/2006,45.24
3/10/2006,45.33
3/13/2006,45.27
3/14/2006,45.54
3/15/2006,45.32
3/16/2006,46.36
3/17/2006,46.69
3/20/2006,47.76
3/21/2006,48.11
3/22/2006,48.1
3/23/2006,48.54
3/24/2006,48.19
3/27/2006,47.95
3/28/2006,47.75
3/29/2006,48.05
3/30/2006,47.66
3/31/2006,47.24
4/3/2006,46.77
4/4/2006,46.5
4/5/2006,46.87
4/6/2006,46.56
4/7/2006,46.02
4/10/2006,45.7
4/11/2006,45.5
4/12/2006,45.9
4/13/2006,45.77
4/17/2006,45.82
4/18/2006,46.4
4/19/2006,46.47
4/20/2006,46.4
4/21/2006,45.82
4/24/2006,45.54
4/25/2006,45.63
4/26/2006,45.98
4/27/2006,45.64
4/28/2006,45.03
5/1/2006,45.93
5/2/2006,46.16
5/3/2006,46.69
5/4/2006,46.4
5/5/2006,47.25
5/8/2006,47.57
5/9/2006,47.87
5/10/2006,47.78
5/11/2006,47.25
5/12/2006,46.54
5/15/2006,47.43
5/16/2006,48.07
5/17/2006,46.84
5/18/2006,47.22
5/19/2006,47.32
5/22/2006,47.35
5/23/2006,47.52
5/24/2006,48.03
5/25/2006,49.45
5/26/2006,49.65
5/30/2006,48.3
5/31/2006,48.45
6/1/2006,48.39
6/2/2006,47.83
6/5/2006,47.19
6/6/2006,47.03
6/7/2006,47.04
6/8/2006,47.3
6/9/2006,47.13
6/12/2006,46.99
6/13/2006,47.53
6/14/2006,47.71
6/15/2006,48.66
6/16/2006,48.31
6/19/2006,48.27
6/20/2006,48.43
6/21/2006,48.9
6/22/2006,48.48
6/23/2006,47.94
6/26/2006,48.07
6/27/2006,47.63
6/28/2006,47.92
6/29/2006,48.71
6/30/2006,48.17
7/3/2006,47.57
7/5/2006,47.02
7/6/2006,46.72
7/7/2006,46
7/10/2006,46.18
7/11/2006,46.13
7/12/2006,45.15
7/13/2006,44.16
7/14/2006,43.05
7/17/2006,43.02
7/18/2006,43.17
7/19/2006,44.2
7/20/2006,44.29
7/21/2006,43.72
7/24/2006,44.43
7/25/2006,44.67
7/26/2006,43.67
7/27/2006,43.53
7/28/2006,44.46
7/31/2006,44.5
8/1/2006,44.09
8/2/2006,44.37
8/3/2006,44.73
8/4/2006,44.87
8/7/2006,44.82
8/8/2006,44.46
8/9/2006,43.9
8/10/2006,44.89
8/11/2006,44.69
8/14/2006,45.1
8/15/2006,44.55
8/16/2006,44.43
8/17/2006,44.63
8/18/2006,44.49
8/21/2006,44.09
8/22/2006,44.07
8/23/2006,43.76
8/24/2006,43.7
8/25/2006,43.88
8/28/2006,44.43
8/29/2006,44.49
8/30/2006,44.62
8/31/2006,44.72
9/1/2006,45.45
9/5/2006,45.57
9/6/2006,45.4
9/7/2006,45.54
9/8/2006,46.72
9/11/2006,47.49
9/12/2006,48.07
9/13/2006,48.08
9/14/2006,48.37
9/15/2006,48.22
9/18/2006,48.1
9/19/2006,48.5
9/20/2006,48.87
9/21/2006,48.46
9/22/2006,48.29
9/25/2006,48.82
9/26/2006,49.25
9/27/2006,49.5
9/28/2006,49.81
9/29/2006,49.32
10/2/2006,48.44
10/3/2006,49.46
10/4/2006,49.55
10/5/2006,48.41
10/6/2006,48.32
10/9/2006,48.22
10/10/2006,48.12
10/11/2006,48.31
10/12/2006,48.32
10/13/2006,48.46
10/16/2006,48.32
10/17/2006,48.28
10/18/2006,48.35
10/19/2006,48.49
10/20/2006,49.37
10/23/2006,51.28
10/24/2006,51.3
10/25/2006,50.85
10/26/2006,51.75
10/27/2006,50.73
10/30/2006,49.53
10/31/2006,49.28
11/1/2006,48.85
11/2/2006,48.29
11/3/2006,47.53
11/6/2006,47.49
11/7/2006,47.65
11/8/2006,47.03
11/9/2006,46.39
11/10/2006,46.47
11/13/2006,46.32
11/14/2006,47.66
11/15/2006,47.68
11/16/2006,47.91
11/17/2006,47.5
11/20/2006,47.72
11/21/2006,47.81
11/22/2006,48.03
11/24/2006,47.9
11/27/2006,46.61
11/28/2006,46.71
11/29/2006,46.89
11/30/2006,46.1
12/1/2006,45.87
12/4/2006,46.29
12/5/2006,46.48
12/6/2006,46.54
12/7/2006,46.37
12/8/2006,46.35
12/11/2006,46
12/12/2006,45.65
12/13/2006,45.9
12/14/2006,46.52
12/15/2006,46.45
12/18/2006,46.37
12/19/2006,46.09
12/20/2006,45.87
12/21/2006,45.71
12/22/2006,45.54
12/26/2006,46.11
12/27/2006,46.16
12/28/2006,46.01
12/29/2006,46.18
1/3/2007,47.55
1/4/2007,47.78
1/5/2007,47.39
1/8/2007,47
1/9/2007,47.39
1/10/2007,47.28
1/11/2007,47.6
1/12/2007,47.98
1/16/2007,48.31
1/17/2007,48.2
1/18/2007,48.39
1/19/2007,48.31
1/22/2007,47.96
1/23/2007,47.81
1/24/2007,48.61
1/25/2007,48.15
1/26/2007,47.67
1/29/2007,47.63
1/30/2007,47.28
1/31/2007,47.69
2/1/2007,47.78
2/2/2007,48.08
2/5/2007,48.52
2/6/2007,48.58
2/7/2007,48.58
2/8/2007,48.31
2/9/2007,47.97
2/12/2007,47.74
2/13/2007,47.98
2/14/2007,47.87
2/15/2007,48.36
2/16/2007,48.48
2/20/2007,50.26
2/21/2007,49.97
2/22/2007,49.69
2/23/2007,49.57
2/26/2007,49.98
2/27/2007,48.2
2/28/2007,48.31
3/1/2007,47.89
3/2/2007,47.81
3/5/2007,48.08
3/6/2007,48.04
3/7/2007,47.93
3/8/2007,47.88
3/9/2007,47.42
3/12/2007,47.26
3/13/2007,46.18
3/14/2007,45.73
3/15/2007,46
3/16/2007,46.21
3/19/2007,46.59
3/20/2007,47.3
3/21/2007,47.77
3/22/2007,48.01
3/23/2007,47.91
3/26/2007,47.84
3/27/2007,47.49
3/28/2007,46.64
3/29/2007,46.72
3/30/2007,46.95
4/2/2007,47.4
4/3/2007,48.1
4/4/2007,48.05
4/5/2007,48.27
4/9/2007,48.47
4/10/2007,47.94
4/11/2007,47.27
4/12/2007,47.26
4/13/2007,47.41
4/16/2007,48.07
4/17/2007,48.17
4/18/2007,47.97
4/19/2007,48.34
4/20/2007,49.76
4/23/2007,48.93
4/24/2007,48.69
4/25/2007,48.81
4/26/2007,48.7
4/27/2007,48.34
4/30/2007,47.92
5/1/2007,48.33
5/2/2007,48.28
5/3/2007,48.36
5/4/2007,48.27
5/7/2007,48.61
5/8/2007,48.1
5/9/2007,47.93
5/10/2007,47.75
5/11/2007,47.78
5/14/2007,47.84
5/15/2007,47.84
5/16/2007,47.18
5/17/2007,47.11
5/18/2007,47.27
5/21/2007,46.62
5/22/2007,46.54
5/23/2007,46.33
5/24/2007,46.65
5/25/2007,46.91
5/29/2007,46.94
5/30/2007,47.12
5/31/2007,47.6
6/1/2007,49.47
6/4/2007,51.21
6/5/2007,50.52
6/6/2007,50.75
6/7/2007,49.76
6/8/2007,50.08
6/11/2007,49.81
6/12/2007,48.91
6/13/2007,49.5
6/14/2007,49.28
6/15/2007,49.34
6/18/2007,49.11
6/19/2007,48.81
6/20/2007,48.59
6/21/2007,48.39
6/22/2007,47.83
6/25/2007,47.82
6/26/2007,47.97
6/27/2007,48.46
6/28/2007,48.21
6/29/2007,48.11
7/2/2007,48.33
7/3/2007,48.47
7/5/2007,48.09
7/6/2007,48.39
7/9/2007,48.5
7/10/2007,47.58
7/11/2007,47.68
7/12/2007,48.83
7/13/2007,49.15
7/16/2007,48.94
7/17/2007,48.35
7/18/2007,48.04
7/19/2007,48.79
7/20/2007,48.06
7/23/2007,48.11
7/24/2007,48.02
7/25/2007,47.87
7/26/2007,46.82
7/27/2007,45.94
7/30/2007,46.21
7/31/2007,45.95
8/1/2007,46.22
8/2/2007,46.73
8/3/2007,45.52
8/6/2007,47.02
8/7/2007,47.06
8/8/2007,48.42
8/9/2007,46.45
8/10/2007,46.07
8/13/2007,46.17
8/14/2007,43.82
8/15/2007,43.28
8/16/2007,43.5
8/17/2007,43.49
8/20/2007,43.59
8/21/2007,43.7
8/22/2007,43.75
8/23/2007,43.17
8/24/2007,43.74
8/27/2007,43.82
8/28/2007,43.4
8/29/2007,44.19
8/30/2007,43.32
8/31/2007,43.63
9/4/2007,43.3
9/5/2007,42.45
9/6/2007,42.76
9/7/2007,42.39
9/10/2007,42.27
9/11/2007,42.94
9/12/2007,42.71
9/13/2007,43.06
9/14/2007,43.32
9/17/2007,43.32
9/18/2007,44.44
9/19/2007,44.75
9/20/2007,44.32
9/21/2007,44.23
9/24/2007,43.97
9/25/2007,43.16
9/26/2007,43.3
9/27/2007,43.61
9/28/2007,43.65
10/1/2007,44.47
10/2/2007,44.87
10/3/2007,45.13
10/4/2007,45
10/5/2007,45.37
10/8/2007,45.27
10/9/2007,45.21
10/10/2007,45.59
10/11/2007,46.9
10/12/2007,47.06
10/15/2007,46.45
10/16/2007,45.86
10/17/2007,45.99
10/18/2007,45.89
10/19/2007,44.98
10/22/2007,45.25
10/23/2007,43.93
10/24/2007,43.87
10/25/2007,43.88
10/26/2007,44.64
10/29/2007,45.01
10/30/2007,45.37
10/31/2007,45.21
11/1/2007,44.03
11/2/2007,44.19
11/5/2007,44.03
11/6/2007,44.29
11/7/2007,43.93
11/8/2007,43.62
11/9/2007,42.9
11/12/2007,43.32
11/13/2007,45.97
11/14/2007,46.51
11/15/2007,46.2
11/16/2007,46.34
11/19/2007,45.47
11/20/2007,45.5
11/21/2007,44.86
11/23/2007,45.73
11/26/2007,45.03
11/27/2007,45.83
11/28/2007,47.23
11/29/2007,47.54
11/30/2007,47.9
12/3/2007,47.87
12/4/2007,48.19
12/5/2007,48.9
12/6/2007,49.27
12/7/2007,49.02
12/10/2007,49.43
12/11/2007,49.03
12/12/2007,48.23
12/13/2007,48.33
12/14/2007,47.63
12/17/2007,47.83
12/18/2007,48.24
12/19/2007,48.08
12/20/2007,47.85
12/21/2007,48.21
12/24/2007,48.74
12/26/2007,48.38
12/27/2007,47.77
12/28/2007,48.08
12/31/2007,47.53
1/2/2008,46.9
1/3/2008,46.38
1/4/2008,45.72
1/7/2008,46.56
1/8/2008,45.97
1/9/2008,46.9
1/10/2008,48.4
1/11/2008,47.72
1/14/2008,47.67
1/15/2008,46.99
1/16/2008,47.49
1/17/2008,47.48
1/18/2008,47.58
1/22/2008,49.2
1/23/2008,50.16
1/24/2008,48.91
1/25/2008,48.09
1/28/2008,48.71
1/29/2008,49.01
1/30/2008,49.16
1/31/2008,50.74
2/1/2008,51.18
2/4/2008,50.07
2/5/2008,49.56
2/6/2008,48.83
2/7/2008,49.84
2/8/2008,48.76
2/11/2008,49.6
2/12/2008,50.25
2/13/2008,50.66
2/14/2008,49.97
2/15/2008,49.44
2/19/2008,49.66
2/20/2008,49.7
2/21/2008,49.79
2/22/2008,49.97
2/25/2008,50.33
2/26/2008,51.4
2/27/2008,51.43
2/28/2008,50.7
2/29/2008,49.59
3/3/2008,49.89
3/4/2008,49.87
3/5/2008,49.55
3/6/2008,49.98
3/7/2008,49.9
3/10/2008,48.85
3/11/2008,50.25
3/12/2008,50.29
3/13/2008,50.6
3/14/2008,49.82
3/17/2008,49.95
3/18/2008,50.98
3/19/2008,50.78
3/20/2008,53.23
3/24/2008,53.63
3/25/2008,53.05
3/26/2008,52.9
3/27/2008,52.37
3/28/2008,52.12
3/31/2008,52.68
4/1/2008,54.08
4/2/2008,54.46
4/3/2008,54.93
4/4/2008,54.4
4/7/2008,54.23
4/8/2008,54.45
4/9/2008,54.14
4/10/2008,54.66
4/11/2008,54.8
4/14/2008,55.15
4/15/2008,56.27
4/16/2008,57.07
4/17/2008,56.67
4/18/2008,56.31
4/21/2008,56.38
4/22/2008,56.55
4/23/2008,56.92
4/24/2008,57.45
4/25/2008,57.65
4/28/2008,57.35
4/29/2008,58.61
4/30/2008,57.98
5/1/2008,58.07
5/2/2008,57.5
5/5/2008,56.97
5/6/2008,56.35
5/7/2008,56.83
5/8/2008,57.16
5/9/2008,57.18
5/12/2008,58.02
5/13/2008,56.65
5/14/2008,57.45
5/15/2008,57.12
5/16/2008,57.04
5/19/2008,56.4
5/20/2008,55.95
5/21/2008,55.23
5/22/2008,56.05
5/23/2008,55.75
5/27/2008,56.4
5/28/2008,57.09
5/29/2008,57.94
5/30/2008,57.74
6/2/2008,57.2
6/3/2008,57.77
6/4/2008,57.68
6/5/2008,59.8
6/6/2008,58.37
6/9/2008,59.57
6/10/2008,59.78
6/11/2008,58.52
6/12/2008,59.11
6/13/2008,59.18
6/16/2008,59.31
6/17/2008,58.69
6/18/2008,57.67
6/19/2008,57.69
6/20/2008,56.26
6/23/2008,56.64
6/24/2008,57.32
6/25/2008,58.12
6/26/2008,56.83
6/27/2008,56.3
6/30/2008,56.2
7/1/2008,57.03
7/2/2008,56.5
7/3/2008,56.6
7/7/2008,56.91
7/8/2008,59.11
7/9/2008,57.67
7/10/2008,57.21
7/11/2008,56.29
7/14/2008,56.31
7/15/2008,56.24
7/16/2008,56.96
7/17/2008,57.68
7/18/2008,57.92
7/21/2008,57.31
7/22/2008,59.06
7/23/2008,58.09
7/24/2008,56.97
7/25/2008,56.83
7/28/2008,56.02
7/29/2008,57.45
7/30/2008,58.56
7/31/2008,58.62
8/1/2008,57.75
8/4/2008,58.43
8/5/2008,60.34
8/6/2008,60.76
8/7/2008,56.96
8/8/2008,57.86
8/11/2008,58.56
8/12/2008,59.25
8/13/2008,57.88
8/14/2008,58.1
8/15/2008,59.37
8/18/2008,58.83
8/19/2008,58.2
8/20/2008,58.36
8/21/2008,58.5
8/22/2008,59.44
8/25/2008,58.55
8/26/2008,59
8/27/2008,59.29
8/28/2008,59.88
8/29/2008,59.07
9/2/2008,59.65
9/3/2008,59.79
9/4/2008,59.78
9/5/2008,60.74
9/8/2008,62
9/9/2008,61.13
9/10/2008,62.02
9/11/2008,63.17
9/12/2008,62.41
9/15/2008,61.63
9/16/2008,62.14
9/17/2008,59.64
9/18/2008,61.48
9/19/2008,59.7
9/22/2008,58.89
9/23/2008,58.4
9/24/2008,58.92
9/25/2008,60.12
9/26/2008,60.71
9/29/2008,58.45
9/30/2008,59.89
10/1/2008,59.66
10/2/2008,58.85
10/3/2008,59.73
10/6/2008,57.9
10/7/2008,54.84
10/8/2008,54.55
10/9/2008,51.39
10/10/2008,50.95
10/13/2008,54.5
10/14/2008,54.44
10/15/2008,50.05
10/16/2008,54.62
10/17/2008,53.77
10/20/2008,54.43
10/21/2008,53.67
10/22/2008,52.27
10/23/2008,52.76
10/24/2008,51.4
10/27/2008,49.67
10/28/2008,55.17
10/29/2008,55.02
10/30/2008,54.75
10/31/2008,55.81
11/3/2008,55.97
11/4/2008,56.13
11/5/2008,54.13
11/6/2008,53.49
11/7/2008,54.39
11/10/2008,55.18
11/11/2008,54.75
11/12/2008,52.62
11/13/2008,54.93
11/14/2008,52.71
11/17/2008,51.81
11/18/2008,52.72
11/19/2008,51
11/20/2008,50.66
11/21/2008,52.92
11/24/2008,52.77
11/25/2008,54.68
11/26/2008,56.69
11/28/2008,55.88
12/1/2008,53.01
12/2/2008,53.45
12/3/2008,54.38
12/4/2008,55.11
12/5/2008,58.21
12/8/2008,57.56
12/9/2008,55.81
12/10/2008,55.25
12/11/2008,54.79
12/12/2008,54.63
12/15/2008,54.71
12/16/2008,55.24
12/17/2008,55.19
12/18/2008,55.41
12/19/2008,55.74
12/22/2008,55.99
12/23/2008,55.29
12/24/2008,55.44
12/26/2008,55.35
12/29/2008,55.11
12/30/2008,55.05
12/31/2008,56.06
1/2/2009,57.18
1/5/2009,56.52
1/6/2009,56.02
1/7/2009,55.54
1/8/2009,51.38
1/9/2009,51.58
1/12/2009,51.39
1/13/2009,52.12
1/14/2009,51.56
1/15/2009,51.35
1/16/2009,51.56
1/20/2009,50.56
1/21/2009,49.14
1/22/2009,48.87
1/23/2009,48.35
1/26/2009,48.6
1/27/2009,48.79
1/28/2009,48.73
1/29/2009,47.86
1/30/2009,47.12
2/2/2009,46.57
2/3/2009,47.81
2/4/2009,46.42
2/5/2009,48.56
2/6/2009,49.63
2/9/2009,49.28
2/10/2009,47.72
2/11/2009,48.23
2/12/2009,48.13
2/13/2009,46.53
2/17/2009,48.24
2/18/2009,50
2/19/2009,50.45
2/20/2009,50.02
2/23/2009,48.88
2/24/2009,50.01
2/25/2009,49.21
2/26/2009,48.25
2/27/2009,49.24
3/2/2009,48.04
3/3/2009,47.38
3/4/2009,48.49
3/5/2009,49.75
3/6/2009,48.91
3/9/2009,47.51
3/10/2009,48.67
3/11/2009,47.46
3/12/2009,48.94
3/13/2009,49.19
3/16/2009,48.8
3/17/2009,50
3/18/2009,50.44
3/19/2009,49.95
3/20/2009,49.59
3/23/2009,51.48
3/24/2009,51.08
3/25/2009,51.68
3/26/2009,52.76
3/27/2009,52.57
3/30/2009,51.76
3/31/2009,52.1
4/1/2009,52.82
4/2/2009,53.64
4/3/2009,53.8
4/6/2009,53.43
4/7/2009,52.39
4/8/2009,52.61
4/9/2009,50.66
4/13/2009,51.53
4/14/2009,51.12
4/15/2009,51.29
4/16/2009,50.78
4/17/2009,50.2
4/20/2009,49.27
4/21/2009,49.83
4/22/2009,48.96
4/23/2009,48.86
4/24/2009,47.87
4/27/2009,48.51
4/28/2009,48.47
4/29/2009,50.45
4/30/2009,50.4
5/1/2009,50.05
5/4/2009,50.84
5/5/2009,50.46
5/6/2009,49.51
5/7/2009,49.89
5/8/2009,50.14
5/11/2009,50.63
5/12/2009,50.9
5/13/2009,50.03
5/14/2009,49.1
5/15/2009,48.15
5/18/2009,49.92
5/19/2009,49.36
5/20/2009,48.94
5/21/2009,49.11
5/22/2009,49.25
5/26/2009,50
5/27/2009,49.32
5/28/2009,49.55
5/29/2009,49.74
6/1/2009,50.59
6/2/2009,49.93
6/3/2009,50.88
6/4/2009,50.87
6/5/2009,51.07
6/8/2009,50.81
6/9/2009,50.61
6/10/2009,50.06
6/11/2009,49.32
6/12/2009,49.84
6/15/2009,48.46
6/16/2009,48.25
6/17/2009,48.56
6/18/2009,48.68
6/19/2009,48.17
6/22/2009,48.59
6/23/2009,48.35
6/24/2009,48.51
6/25/2009,49.15
6/26/2009,48.63
6/29/2009,48.76
6/30/2009,48.44
7/1/2009,48.37
7/2/2009,47.79
7/6/2009,47.73
7/7/2009,47.84
7/8/2009,48.37
7/9/2009,48.08
7/10/2009,47.57
7/13/2009,47.83
7/14/2009,48.13
7/15/2009,48.55
7/16/2009,48.51
7/17/2009,48.49
7/20/2009,48.82
7/21/2009,48.86
7/22/2009,49.17
7/23/2009,48.76
7/24/2009,48.94
7/27/2009,48.97
7/28/2009,48.92
7/29/2009,49.37
7/30/2009,49.98
7/31/2009,49.88
8/3/2009,49.84
8/4/2009,49.85
8/5/2009,49.2
8/6/2009,48.98
8/7/2009,49.29
8/10/2009,49.72
8/11/2009,50.04
8/12/2009,50.51
8/13/2009,51.88
8/14/2009,51.79
8/17/2009,51.57
8/18/2009,51.36
8/19/2009,51.67
8/20/2009,51.71
8/21/2009,51.36
8/24/2009,51.55
8/25/2009,51.67
8/26/2009,51.8
8/27/2009,51.24
8/28/2009,51.13
8/31/2009,50.87
9/1/2009,50.97
9/2/2009,50.92
9/3/2009,51.74
9/4/2009,51.68
9/8/2009,51.4
9/9/2009,51.11
9/10/2009,51.03
9/11/2009,50.72
9/14/2009,50.38
9/15/2009,49.93
9/16/2009,50.04
9/17/2009,49.96
9/18/2009,50.11
9/21/2009,50.91
9/22/2009,50.99
9/23/2009,50.4
9/24/2009,50.7
9/25/2009,49.47
9/28/2009,49.5
9/29/2009,49.23
9/30/2009,49.09
10/1/2009,49
10/2/2009,49.08
10/5/2009,49.06
10/6/2009,49.48
10/7/2009,49.49
10/8/2009,49.74
10/9/2009,49.97
10/12/2009,49.61
10/13/2009,50.34
10/14/2009,50.19
10/15/2009,50.95
10/16/2009,51.22
10/19/2009,51.89
10/20/2009,51.7
10/21/2009,50.63
10/22/2009,50.48
10/23/2009,50.44
10/26/2009,49.84
10/27/2009,49.87
10/28/2009,49.9
10/29/2009,50.4
10/30/2009,49.68
11/2/2009,50.28
11/3/2009,49.9
11/4/2009,50.38
11/5/2009,51.28
11/6/2009,51.25
11/9/2009,52
11/10/2009,52.31
11/11/2009,52.97
11/12/2009,53.24
11/13/2009,53.2
11/16/2009,53.16
11/17/2009,53.66
11/18/2009,54.15
11/19/2009,54.54
11/20/2009,54.28
11/23/2009,54.68
11/24/2009,54.85
11/25/2009,54.96
11/27/2009,54.63
11/30/2009,54.55
12/1/2009,54.75
12/2/2009,54.57
12/3/2009,54.44
12/4/2009,54.24
12/7/2009,54.93
12/8/2009,54.41
12/9/2009,54.07
12/10/2009,54.69
12/11/2009,54.65
12/14/2009,54.07
12/15/2009,53.98
12/16/2009,53.32
12/17/2009,52.76
12/18/2009,52.85
12/21/2009,53.4
12/22/2009,53.34
12/23/2009,53.32
12/24/2009,53.6
12/28/2009,53.98
12/29/2009,54.11
12/30/2009,54.3
12/31/2009,53.45
1/4/2010,54.23
1/5/2010,53.69
1/6/2010,53.57
1/7/2010,53.6
1/8/2010,53.33
1/11/2010,54.21
1/12/2010,54.73
1/13/2010,55.01
1/14/2010,54.21
1/15/2010,53.68
1/19/2010,54.03
1/20/2010,53.86
1/21/2010,52.92
1/22/2010,52.94
1/25/2010,52.88
1/26/2010,53.61
1/27/2010,53.4
1/28/2010,52.61
1/29/2010,53.43
2/1/2010,53.48
2/2/2010,53.49
2/3/2010,54.27
2/4/2010,52.97
2/5/2010,53.45
2/8/2010,52.93
2/9/2010,53.25
2/10/2010,53.24
2/11/2010,53.08
2/12/2010,52.9
2/16/2010,53.56
2/17/2010,54.06
2/18/2010,53.47
2/19/2010,53.49
2/22/2010,53.83
2/23/2010,53.62
2/24/2010,53.92
2/25/2010,54.15
2/26/2010,54.07
3/1/2010,53.9
3/2/2010,53.59
3/3/2010,53.66
3/4/2010,53.96
3/5/2010,54.14
3/8/2010,54.15
3/9/2010,54.06
3/10/2010,53.63
3/11/2010,53.97
3/12/2010,53.9
3/15/2010,55.42
3/16/2010,55.99
3/17/2010,55.92
3/18/2010,55.94
3/19/2010,55.34
3/22/2010,55.62
3/23/2010,55.89
3/24/2010,55.58
3/25/2010,55.61
3/26/2010,55.51
3/29/2010,55.74
3/30/2010,55.91
3/31/2010,55.6
4/1/2010,55.49
4/5/2010,55.49
4/6/2010,55.53
4/7/2010,55.28
4/8/2010,55.38
4/9/2010,55.07
4/12/2010,55.02
4/13/2010,54.72
4/14/2010,54.64
4/15/2010,54.13
4/16/2010,54.11
4/19/2010,54.39
4/20/2010,54.52
4/21/2010,54.47
4/22/2010,54.49
4/23/2010,54.53
4/26/2010,54.04
4/27/2010,54.04
4/28/2010,53.61
4/29/2010,53.7
4/30/2010,53.64
5/3/2010,53.74
5/4/2010,54.02
5/5/2010,54.77
5/6/2010,53.23
5/7/2010,52.4
5/10/2010,52.58
5/11/2010,52.46
5/12/2010,52.48
5/13/2010,52.4
5/14/2010,52.12
5/17/2010,52.73
5/18/2010,53.7
5/19/2010,53.04
5/20/2010,51.3
5/21/2010,51.37
5/24/2010,51
5/25/2010,50.28
5/26/2010,50.02
5/27/2010,50.7
5/28/2010,50.56
6/1/2010,50.92
6/2/2010,51.72
6/3/2010,51.72
6/4/2010,50.4
6/7/2010,50.74
6/8/2010,50.78
6/9/2010,50.99
6/10/2010,51.22
6/11/2010,50.86
6/14/2010,51.24
6/15/2010,51.64
6/16/2010,50.98
6/17/2010,51.41
6/18/2010,51.55
6/21/2010,51.02
6/22/2010,50.68
6/23/2010,50.81
6/24/2010,50.03
6/25/2010,48.8
6/28/2010,49.57
6/29/2010,48.9
6/30/2010,48.07
7/1/2010,48.34
7/2/2010,48
7/6/2010,48.57
7/7/2010,48.92
7/8/2010,49.18
7/9/2010,49.43
7/12/2010,50.12
7/13/2010,50.54
7/14/2010,50.35
7/15/2010,50.41
7/16/2010,49.67
7/19/2010,49.52
7/20/2010,50.88
7/21/2010,50.35
7/22/2010,50.86
7/23/2010,51.67
7/26/2010,51.13
7/27/2010,50.96
7/28/2010,51.13
7/29/2010,51.06
7/30/2010,51.19
8/2/2010,51.41
8/3/2010,51.29
8/4/2010,51.6
8/5/2010,51.62
8/6/2010,51.79
8/9/2010,52.06
8/10/2010,52.22
8/11/2010,51.02
8/12/2010,50.43
8/13/2010,50.4
8/16/2010,50.41
8/17/2010,51.02
8/18/2010,50.86
8/19/2010,50.06
8/20/2010,50.22
8/23/2010,51.14
8/24/2010,51.3
8/25/2010,51.55
8/26/2010,50.97
8/27/2010,51
8/30/2010,50.55
8/31/2010,50.14
9/1/2010,51.2
9/2/2010,51.76
9/3/2010,52.04
9/7/2010,51.86
9/8/2010,51.83
9/9/2010,51.91
9/10/2010,51.97
9/13/2010,52.21
9/14/2010,52.66
9/15/2010,52.86
9/16/2010,53.15
9/17/2010,53.01
9/20/2010,53.54
9/21/2010,53.57
9/22/2010,53.82
9/23/2010,53.65
9/24/2010,54.08
9/27/2010,53.48
9/28/2010,53.82
9/29/2010,53.35
9/30/2010,53.52
10/1/2010,53.36
10/4/2010,53.57
10/5/2010,54
10/6/2010,54.56
10/7/2010,54.36
10/8/2010,54.41
10/11/2010,54.61
10/12/2010,53.92
10/13/2010,53.82
10/14/2010,53.25
10/15/2010,53.35
10/18/2010,53.76
10/19/2010,53.32
10/20/2010,53.47
10/21/2010,54.03
10/22/2010,54.06
10/25/2010,53.95
10/26/2010,54.56
10/27/2010,53.87
10/28/2010,54.08
10/29/2010,54.17
11/1/2010,54.31
11/2/2010,54.79
11/3/2010,54.91
11/4/2010,55.36
11/5/2010,55.2
11/8/2010,54.91
11/9/2010,55.05
11/10/2010,54.51
11/11/2010,54.34
11/12/2010,54.13
11/15/2010,53.95
11/16/2010,54.26
11/17/2010,53.77
11/18/2010,53.98
11/19/2010,54.39
11/22/2010,54.38
11/23/2010,53.67
11/24/2010,54.01
11/26/2010,53.74
11/29/2010,53.85
11/30/2010,54.09
12/1/2010,54.7
12/2/2010,54.75
12/3/2010,54.62
12/6/2010,54.49
12/7/2010,55.09
12/8/2010,54.49
12/9/2010,54.34
12/10/2010,54.28
12/13/2010,54.21
12/14/2010,54.45
12/15/2010,54.23
12/16/2010,54.63
12/17/2010,54.41
12/20/2010,53.77
12/21/2010,53.65
12/22/2010,53.31
12/23/2010,53.6
12/27/2010,53.57
12/28/2010,53.74
12/29/2010,54.08
12/30/2010,54.07
12/31/2010,53.93
1/3/2011,54.56
1/4/2011,54.77
1/5/2011,54.41
1/6/2011,53.96
1/7/2011,54.08
1/10/2011,53.73
1/11/2011,54.29
1/12/2011,54.85
1/13/2011,54.79
1/14/2011,54.81
1/18/2011,55.14
1/19/2011,55.03
1/20/2011,55.99
1/21/2011,55.73
1/24/2011,56.05
1/25/2011,57.26
1/26/2011,57.32
1/27/2011,57.57
1/28/2011,56.7
1/31/2011,56.07
2/1/2011,56.33
2/2/2011,55.86
2/3/2011,55.92
2/4/2011,56.03
2/7/2011,56.07
2/8/2011,56.38
2/9/2011,56.73
2/10/2011,55.59
2/11/2011,55.69
2/14/2011,54.8
2/15/2011,54.95
2/16/2011,54.55
2/17/2011,54.75
2/18/2011,55.38
2/22/2011,53.67
2/23/2011,53.03
2/24/2011,52.09
2/25/2011,51.75
2/28/2011,51.98
3/1/2011,52.07
3/2/2011,51.97
3/3/2011,52.01
3/4/2011,52.07
3/7/2011,52.02
3/8/2011,52.44
3/9/2011,52.67
3/10/2011,52.65
3/11/2011,52.59
3/14/2011,52.32
3/15/2011,52.06
3/16/2011,51.38
3/17/2011,51.37
3/18/2011,51.52
3/21/2011,51.92
3/22/2011,52
3/23/2011,51.64
3/24/2011,52.59
3/25/2011,52.35
3/28/2011,52.19
3/29/2011,52.26
3/30/2011,52.36
3/31/2011,52.05
4/1/2011,52.13
4/4/2011,52.65
4/5/2011,52.74
4/6/2011,52.98
4/7/2011,53
4/8/2011,52.54
4/11/2011,52.82
4/12/2011,53.52
4/13/2011,53.63
4/14/2011,53.5
4/15/2011,53.55
4/18/2011,53.31
4/19/2011,53.35
4/20/2011,53.69
4/21/2011,53.58
4/25/2011,53.37
4/26/2011,53.91
4/27/2011,54.42
4/28/2011,54.69
4/29/2011,54.98
5/2/2011,55.04
5/3/2011,55.46
5/4/2011,55.37
5/5/2011,55.07
5/6/2011,55.02
5/9/2011,55.1
5/10/2011,55.53
5/11/2011,55.17
5/12/2011,55.72
5/13/2011,55.72
5/16/2011,56.06
5/17/2011,55.54
5/18/2011,55.18
5/19/2011,55.48
5/20/2011,55.29
5/23/2011,55.22
5/24/2011,54.78
5/25/2011,54.56
5/26/2011,54.62
5/27/2011,54.7
5/31/2011,55.22
6/1/2011,54.3
6/2/2011,53.55
6/3/2011,53.66
6/6/2011,53.76
6/7/2011,53.83
6/8/2011,53.69
6/9/2011,53.62
6/10/2011,52.72
6/13/2011,52.62
6/14/2011,52.91
6/15/2011,52.32
6/16/2011,52.83
6/17/2011,52.82
6/20/2011,53.04
6/21/2011,53.29
6/22/2011,53.01
6/23/2011,53.29
6/24/2011,52.41
6/27/2011,52.29
6/28/2011,52.53
6/29/2011,52.64
6/30/2011,53.14
7/1/2011,53.51
7/5/2011,53.39
7/6/2011,53.72
7/7/2011,54.49
7/8/2011,54.08
7/11/2011,53.87
7/12/2011,53.94
7/13/2011,54.02
7/14/2011,53.63
7/15/2011,53.63
7/18/2011,53.32
7/19/2011,53.97
7/20/2011,53.89
7/21/2011,54.47
7/22/2011,54.52
7/25/2011,53.97
7/26/2011,53.59
7/27/2011,53.25
7/28/2011,52.99
7/29/2011,52.71
8/1/2011,52.62
8/2/2011,51.68
8/3/2011,51.28
8/4/2011,50.1
8/5/2011,50.85
8/8/2011,48.92
8/9/2011,50.82
8/10/2011,48.41
8/11/2011,49.73
8/12/2011,49.75
8/15/2011,49.98
8/16/2011,51.92
8/17/2011,51.55
8/18/2011,51.79
8/19/2011,52.3
8/22/2011,52.19
8/23/2011,53.21
8/24/2011,53.37
8/25/2011,52.7
8/26/2011,52.9
8/29/2011,53.19
8/30/2011,52.82
8/31/2011,53.19
9/1/2011,52.65
9/2/2011,52.03
9/6/2011,51.68
9/7/2011,52.42
9/8/2011,52.21
9/9/2011,51.36
9/12/2011,51.82
9/13/2011,51.59
9/14/2011,52.2
9/15/2011,52.51
9/16/2011,52.65
9/19/2011,52.45
9/20/2011,52.29
9/21/2011,51.32
9/22/2011,50.28
9/23/2011,50.8
9/26/2011,51.83
9/27/2011,52.03
9/28/2011,51.31
9/29/2011,51.93
9/30/2011,51.9
10/3/2011,51.96
10/4/2011,52.88
10/5/2011,52.65
10/6/2011,52.75
10/7/2011,53.7
10/10/2011,54.81
10/11/2011,54.72
10/12/2011,55.2
10/13/2011,55.02
10/14/2011,55.46
10/17/2011,54.78
10/18/2011,55.89
10/19/2011,56.25
10/20/2011,56.37
10/21/2011,56.92
10/24/2011,56.78
10/25/2011,56.71
10/26/2011,57.37
10/27/2011,57.81
10/28/2011,57.15
10/31/2011,56.72
11/1/2011,56.23
11/2/2011,56.86
11/3/2011,57.42
11/4/2011,57.5
11/7/2011,57.94
11/8/2011,59.32
11/9/2011,58.05
11/10/2011,58.13
11/11/2011,59.2
11/14/2011,58.89
11/15/2011,57.46
11/16/2011,56.68
11/17/2011,56.73
11/18/2011,57.23
11/21/2011,56.66
11/22/2011,56.85
11/23/2011,56.64
11/25/2011,56.89
11/28/2011,57.25
11/29/2011,58.17
11/30/2011,58.9
12/1/2011,58.61
12/2/2011,58.09
12/5/2011,58.34
12/6/2011,58.78
12/7/2011,58.51
12/8/2011,57.98
12/9/2011,58.32
12/12/2011,58.09
12/13/2011,57.6
12/14/2011,57.65
12/15/2011,57.95
12/16/2011,58.27
12/19/2011,57.78
12/20/2011,59.19
12/21/2011,59.39
12/22/2011,59.19
12/23/2011,59.99
12/27/2011,59.83
12/28/2011,59.73
12/29/2011,59.99
12/30/2011,59.76
1/3/2012,60.33
1/4/2012,59.71
1/5/2012,59.42
1/6/2012,59
1/9/2012,59.18
1/10/2012,59.04
1/11/2012,59.4
1/12/2012,59.5
1/13/2012,59.54
1/17/2012,59.85
1/18/2012,60.01
1/19/2012,60.61
1/20/2012,61.01
1/23/2012,60.91
1/24/2012,61.39
1/25/2012,61.47
1/26/2012,60.97
1/27/2012,60.71
1/30/2012,61.3
1/31/2012,61.36
2/1/2012,62.18
2/2/2012,61.94
2/3/2012,62.03
2/6/2012,61.88
2/7/2012,61.69
2/8/2012,61.62
2/9/2012,61.96
2/10/2012,61.9
2/13/2012,61.79
2/14/2012,62.22
2/15/2012,61.76
2/16/2012,62.04
2/17/2012,62.48
2/21/2012,60.07
2/22/2012,58.6
2/23/2012,58.54
2/24/2012,58.79
2/27/2012,58.46
2/28/2012,58.93
2/29/2012,59.08
3/1/2012,58.82
3/2/2012,59.01
3/5/2012,59.4
3/6/2012,58.96
3/7/2012,59.86
3/8/2012,59.77
3/9/2012,60.08
3/12/2012,60.68
3/13/2012,61
3/14/2012,61.08
3/15/2012,61.23
3/16/2012,60.84
3/19/2012,60.74
3/20/2012,60.6
3/21/2012,60.56
3/22/2012,60.65
3/23/2012,60.75
3/26/2012,61.2
3/27/2012,61.09
3/28/2012,61.19
3/29/2012,60.82
3/30/2012,61.2
4/2/2012,61.36
4/3/2012,60.65
4/4/2012,60.26
4/5/2012,60.67
4/9/2012,60.13
4/10/2012,59.93
4/11/2012,59.8
4/12/2012,60.14
4/13/2012,59.77
4/16/2012,60.58
4/17/2012,61.87
4/18/2012,62.06
4/19/2012,61.75
4/20/2012,62.45
4/23/2012,59.54
4/24/2012,57.77
4/25/2012,57.36
4/26/2012,58.95
4/27/2012,59.03
4/30/2012,58.91
5/1/2012,59.07
5/2/2012,59.01
5/3/2012,58.99
5/4/2012,58.7
5/7/2012,59.19
5/8/2012,59.05
5/9/2012,59.03
5/10/2012,59.19
5/11/2012,59.42
5/14/2012,59.07
5/15/2012,59.35
5/16/2012,59.19
5/17/2012,61.68
5/18/2012,62.43
5/21/2012,63.04
5/22/2012,63.73
5/23/2012,64.58
5/24/2012,65.07
5/25/2012,65.31
5/29/2012,65.68
5/30/2012,65.44
5/31/2012,65.82
6/1/2012,65.55
6/4/2012,65.99
6/5/2012,65.5
6/6/2012,65.93
6/7/2012,65.87
6/8/2012,68.22
6/11/2012,67.53
6/12/2012,67.72
6/13/2012,67.07
6/14/2012,67.63
6/15/2012,67.75
6/18/2012,68.12
6/19/2012,67.81
6/20/2012,68.52
6/21/2012,67.7
6/22/2012,67.3
6/25/2012,68.18
6/26/2012,68.58
6/27/2012,68.59
6/28/2012,68.3
6/29/2012,69.72
7/2/2012,69.35
7/3/2012,70.75
7/5/2012,71.08
7/6/2012,71.36
7/9/2012,71.76
7/10/2012,72.11
7/11/2012,72.26
7/12/2012,72.31
7/13/2012,73.18
7/16/2012,72.98
7/17/2012,73.1
7/18/2012,72.85
7/19/2012,71.53
7/20/2012,72.25
7/23/2012,71.85
7/24/2012,72.14
7/25/2012,72.08
7/26/2012,73.67
7/27/2012,74.52
7/30/2012,74.98
7/31/2012,74.43
8/1/2012,73.62
8/2/2012,74.05
8/3/2012,74.55
8/6/2012,74.28
8/7/2012,73.99
8/8/2012,74.31
8/9/2012,73.85
8/10/2012,73.68
8/13/2012,73.4
8/14/2012,74.01
8/15/2012,74.45
8/16/2012,72.15
8/17/2012,71.99
8/20/2012,72.3
8/21/2012,71.43
8/22/2012,71.77
8/23/2012,71.56
8/24/2012,72.11
8/27/2012,72.5
8/28/2012,72.41
8/29/2012,72.77
8/30/2012,72.25
8/31/2012,72.6
9/4/2012,73.51
9/5/2012,73.55
9/6/2012,74.81
9/7/2012,73.82
9/10/2012,73.51
9/11/2012,74.06
9/12/2012,74.07
9/13/2012,75.14
9/14/2012,74.5
9/17/2012,73.99
9/18/2012,73.95
9/19/2012,74.37
9/20/2012,74.75
9/21/2012,74.45
9/24/2012,74.74
9/25/2012,74.26
9/26/2012,74.19
9/27/2012,73.98
9/28/2012,73.8
10/1/2012,74.05
10/2/2012,73.75
10/3/2012,74.2
10/4/2012,74.72
10/5/2012,75.13
10/8/2012,75.25
10/9/2012,74.14
10/10/2012,75.42
10/11/2012,75.01
10/12/2012,75.81
10/15/2012,77.15
10/16/2012,76.91
10/17/2012,77.03
10/18/2012,76.56
10/19/2012,75.62
10/22/2012,75.65
10/23/2012,74.76
10/24/2012,74.82
10/25/2012,75.32
10/26/2012,75.11
10/31/2012,75.02
11/1/2012,73.45
11/2/2012,72.77
11/5/2012,73.14
11/6/2012,73.76
11/7/2012,73.11
11/8/2012,72.48
11/9/2012,72.31
11/12/2012,72.48
11/13/2012,71.81
11/14/2012,71.31
11/15/2012,68.72
11/16/2012,68.03
11/19/2012,69.02
11/20/2012,69
11/21/2012,68.89
11/23/2012,70.2
11/26/2012,69.91
11/27/2012,69.5
11/28/2012,70.56
11/29/2012,70.83
11/30/2012,72.02
12/3/2012,71.34
12/4/2012,72.12
12/5/2012,71.65
12/6/2012,71.59
12/7/2012,72.29
12/10/2012,72.15
12/11/2012,70.89
12/12/2012,68.94
12/13/2012,69.04
12/14/2012,68.75
12/17/2012,69.2
12/18/2012,69.5
12/19/2012,68.52
12/20/2012,69
12/21/2012,68.65
12/24/2012,68.57
12/26/2012,67.99
12/27/2012,68.19
12/28/2012,67.61
12/31/2012,68.23
1/2/2013,69.24
1/3/2013,68.8
1/4/2013,69.06
1/7/2013,68.4
1/8/2013,68.59
1/9/2013,68.57
1/10/2013,68.36
1/11/2013,68.63
1/14/2013,68.3
1/15/2013,68.98
1/16/2013,69.21
1/17/2013,68.85
1/18/2013,69.2
1/22/2013,69.58
1/23/2013,69.49
1/24/2013,69.79
1/25/2013,69
1/28/2013,69.35
1/29/2013,69.89
1/30/2013,69.75
1/31/2013,69.95
2/1/2013,70.49
2/4/2013,69.63
2/5/2013,70.77
2/6/2013,71.31
2/7/2013,71.23
2/8/2013,71.48
2/11/2013,71.4
2/12/2013,71.4
2/13/2013,71.39
2/14/2013,70.82
2/15/2013,69.3
2/19/2013,68.76
2/20/2013,69.21
2/21/2013,70.26
2/22/2013,70.4
2/25/2013,70.44
2/26/2013,71.11
2/27/2013,71.66
2/28/2013,70.78
3/1/2013,71.74
3/4/2013,73.26
3/5/2013,73.72
3/6/2013,73.38
3/7/2013,73.32
3/8/2013,73.03
3/11/2013,72.98
3/12/2013,73.6
3/13/2013,73.65
3/14/2013,73.22
3/15/2013,72.5
3/18/2013,72.25
3/19/2013,72.45
3/20/2013,72.99
3/21/2013,73.13
3/22/2013,74.28
3/25/2013,74.85
3/26/2013,74.77
3/27/2013,74.78
3/28/2013,74.83
4/1/2013,75.43
4/2/2013,76.02
4/3/2013,76
4/4/2013,76.2
4/5/2013,76.39
4/8/2013,77.29
4/9/2013,78.12
4/10/2013,77.37
4/11/2013,77.79
4/12/2013,78.56
4/15/2013,78.47
4/16/2013,78.68
4/17/2013,78.51
4/18/2013,77.16
4/19/2013,78.29
4/22/2013,77.97
4/23/2013,79.09
4/24/2013,78.03
4/25/2013,78.65
4/26/2013,79.04
4/29/2013,78.39
4/30/2013,77.72
5/1/2013,78.06
5/2/2013,78.46
5/3/2013,79.25
5/6/2013,78.83
5/7/2013,78.83
5/8/2013,78.25
5/9/2013,78.4
5/10/2013,78.89
5/13/2013,78.5
5/14/2013,78.78
5/15/2013,79.86
5/16/2013,78.5
5/17/2013,77.87
5/20/2013,77.4
5/21/2013,77.39
5/22/2013,77.03
5/23/2013,76.33
5/24/2013,77.31
5/28/2013,77.32
5/29/2013,76.23
5/30/2013,75.63
5/31/2013,74.84
6/3/2013,75.69
6/4/2013,75.94
6/5/2013,75.25
6/6/2013,75.63
6/7/2013,76.33
6/10/2013,75.75
6/11/2013,75.25
6/12/2013,74.84
6/13/2013,75
6/14/2013,74.87
6/17/2013,74.95
6/18/2013,75.73
6/19/2013,74.46
6/20/2013,73.03
6/21/2013,73.51
6/24/2013,74.2
6/25/2013,74.37
6/26/2013,75.01
6/27/2013,75.26
6/28/2013,74.49
7/1/2013,74.59
7/2/2013,74.71
7/3/2013,74.76
7/5/2013,75.21
7/8/2013,76.71
7/9/2013,77.03
7/10/2013,76.77
7/11/2013,77.63
7/12/2013,77.63
7/15/2013,77.03
7/16/2013,77.37
7/17/2013,77.2
7/18/2013,77.34
7/19/2013,78.08
7/22/2013,77.87
7/23/2013,78.55
7/24/2013,78.23
7/25/2013,78.01
7/26/2013,78
7/29/2013,77.99
7/30/2013,77.89
7/31/2013,77.94
8/1/2013,78.22
8/2/2013,78.75
8/5/2013,78.77
8/6/2013,77.87
8/7/2013,77.37
8/8/2013,77.25
8/9/2013,76.9
8/12/2013,77.08
8/13/2013,76.86
8/14/2013,76.4
8/15/2013,74.41
8/16/2013,74.11
8/19/2013,73.58
8/20/2013,73.23
8/21/2013,73.55
8/22/2013,73.46
8/23/2013,73.44
8/26/2013,73.03
8/27/2013,72.86
8/28/2013,72.38
8/29/2013,72.43
8/30/2013,72.98
9/3/2013,72.68
9/4/2013,72.91
9/5/2013,72.67
9/6/2013,72.59
9/9/2013,73.51
9/10/2013,73.96
9/11/2013,74.05
9/12/2013,73.91
9/13/2013,74.36
9/16/2013,74.78
9/17/2013,75.15
9/18/2013,76.42
9/19/2013,76.21
9/20/2013,75.83
9/23/2013,76.42
9/24/2013,75.75
9/25/2013,74.65
9/26/2013,74.62
9/27/2013,74.36
9/30/2013,73.96
10/1/2013,73.59
10/2/2013,73.72
10/3/2013,73.16
10/4/2013,72.8
10/7/2013,71.87
10/8/2013,72.9
10/9/2013,73
10/10/2013,74.79
10/11/2013,74.82
10/14/2013,74.68
10/15/2013,74.37
10/16/2013,75.6
10/17/2013,75.78
10/18/2013,75.71
10/21/2013,75.15
10/22/2013,76.32
10/23/2013,75.9
10/24/2013,76.42
10/25/2013,76.08
10/28/2013,77.14
10/29/2013,77.06
10/30/2013,76.91
10/31/2013,76.75
11/1/2013,77.07
11/4/2013,77.33
11/5/2013,77.42
11/6/2013,78.16
11/7/2013,77.51
11/8/2013,77.96
11/11/2013,79.01
11/12/2013,78.71
11/13/2013,78.9
11/14/2013,79.08
11/15/2013,79.22
11/18/2013,79.22
11/19/2013,79.25
11/20/2013,78.9
11/21/2013,78.86
11/22/2013,79.81
11/25/2013,80.43
11/26/2013,80.68
11/27/2013,80.93
11/29/2013,81.01
12/2/2013,81.11
12/3/2013,81.21
12/4/2013,80.22
12/5/2013,79.44
12/6/2013,79.94
12/9/2013,79.95
12/10/2013,79.08
12/11/2013,79.09
12/12/2013,78.5
12/13/2013,78.08
12/16/2013,77.74
12/17/2013,77.25
12/18/2013,77.94
12/19/2013,77.24
12/20/2013,77.43
12/23/2013,77.87
12/24/2013,78.01
12/26/2013,78.39
12/27/2013,78.47
12/30/2013,78.63
12/31/2013,78.69
1/2/2014,78.91
1/3/2014,78.65
1/6/2014,78.21
1/7/2014,78.45
1/8/2014,77.83
1/9/2014,78.09
1/10/2014,78.04
1/13/2014,77.49
1/14/2014,77.96
1/15/2014,77.66
1/16/2014,76.76
1/17/2014,76.19
1/21/2014,75.84
1/22/2014,75.35
1/23/2014,74.96
1/24/2014,74.42
1/27/2014,74.15
1/28/2014,74.67
1/29/2014,74.1
1/30/2014,74.75
1/31/2014,74.68
2/3/2014,72.66
2/4/2014,72.73
2/5/2014,72.87
2/6/2014,72.82
2/7/2014,73.75
2/10/2014,73.76
2/11/2014,74.8
2/12/2014,74.96
2/13/2014,75.36
2/14/2014,75.79
2/18/2014,75.33
2/19/2014,74.85
2/20/2014,73.52
2/21/2014,73.12
2/24/2014,73.35
2/25/2014,73.35
2/26/2014,74.78
2/27/2014,74.56
2/28/2014,74.7
3/3/2014,74.12
3/4/2014,75.13
3/5/2014,74.8
3/6/2014,74.88
3/7/2014,74.58
3/10/2014,74.43
3/11/2014,74.92
3/12/2014,75.53
3/13/2014,74.93
3/14/2014,74.28
3/17/2014,74.68
3/18/2014,74.77
3/19/2014,74.38
3/20/2014,75.38
3/21/2014,76.1
3/24/2014,76.76
3/25/2014,76.87
3/26/2014,76.23
3/27/2014,76.14
3/28/2014,76.01
3/31/2014,76.43
4/1/2014,76.77
4/2/2014,77.18
4/3/2014,77.46
4/4/2014,77.31
4/7/2014,77.31
4/8/2014,78.18
4/9/2014,77.97
4/10/2014,76.89
4/11/2014,76.5
4/14/2014,77.38
4/15/2014,76.88
4/16/2014,77.22
4/17/2014,77.66
4/21/2014,77.6
4/22/2014,77.56
4/23/2014,78.04
4/24/2014,78.31
4/25/2014,78.62
4/28/2014,79.76
4/29/2014,79.67
4/30/2014,79.71
5/1/2014,79.7
5/2/2014,79.12
5/5/2014,78.62
5/6/2014,78.01
5/7/2014,77.96
5/8/2014,78.69
5/9/2014,79.2
5/12/2014,79.15
5/13/2014,79.14
5/14/2014,78.74
5/15/2014,76.83
5/16/2014,77.01
5/19/2014,76.61
5/20/2014,75.69
5/21/2014,75.66
5/22/2014,75.39
5/23/2014,75.61
5/27/2014,75.59
5/28/2014,75.53
5/29/2014,75.98
5/30/2014,76.77
6/2/2014,76.76
6/3/2014,76.71
6/4/2014,77.13
6/5/2014,77.32
6/6/2014,77.21
6/9/2014,77.01
6/10/2014,76.62
6/11/2014,76.16
6/12/2014,75.73
6/13/2014,75.28
6/16/2014,75.34
6/17/2014,74.99
6/18/2014,75.7
6/19/2014,75.87
6/20/2014,75.68
6/23/2014,75.79
6/24/2014,75.97
6/25/2014,75.62
6/26/2014,74.91
6/27/2014,75.34
6/30/2014,75.07
7/1/2014,75.28
7/2/2014,75.62
7/3/2014,75.75
7/7/2014,76.07
7/8/2014,76.65
7/9/2014,77.21
7/10/2014,77.06
7/11/2014,76.82
7/14/2014,76.55
7/15/2014,76.84
7/16/2014,76.86
7/17/2014,76.61
7/18/2014,77.09
7/21/2014,76.77
7/22/2014,76.64
7/23/2014,76.99
7/24/2014,76.35
7/25/2014,75.97
7/28/2014,75.71
7/29/2014,75.44
7/30/2014,74.78
7/31/2014,73.58
8/1/2014,73.54
8/4/2014,73.54
8/5/2014,73.34
8/6/2014,74.2
8/7/2014,73.95
8/8/2014,74.67
8/11/2014,74.36
8/12/2014,74.22
8/13/2014,74.03
8/14/2014,74.39
8/15/2014,73.9
8/18/2014,74.49
8/19/2014,74.88
8/20/2014,74.96
8/21/2014,75.55
8/22/2014,75.73
8/25/2014,75.69
8/26/2014,75.52
8/27/2014,75.85
8/28/2014,75.9
8/29/2014,75.5
9/2/2014,75.75
9/3/2014,76.01
9/4/2014,76.56
9/5/2014,77.51
9/8/2014,76.53
9/9/2014,76.74
9/10/2014,76.51
9/11/2014,76.1
9/12/2014,75.77
9/15/2014,75.81
9/16/2014,76.32
9/17/2014,76.24
9/18/2014,76.22
9/19/2014,76.84
9/22/2014,76.31
9/23/2014,75.6
9/24/2014,77.08
9/25/2014,76.12
9/26/2014,76.49
9/29/2014,76.08
9/30/2014,76.47
10/1/2014,76.12
10/2/2014,76.23
10/3/2014,77.32
10/6/2014,77.35
10/7/2014,77.3
10/8/2014,78.24
10/9/2014,77.86
10/10/2014,78.29
10/13/2014,77.56
10/14/2014,77.98
10/15/2014,75.2
10/16/2014,73.82
10/17/2014,74.1
10/20/2014,75.14
10/21/2014,76.02
10/22/2014,76.03
10/23/2014,76.25
10/24/2014,76.38
10/27/2014,76.59
10/28/2014,76.35
10/29/2014,76.39
10/30/2014,76.45
10/31/2014,76.27
11/3/2014,76.28
11/4/2014,77.26
11/5/2014,77.7
11/6/2014,77.81
11/7/2014,78.77
11/10/2014,79.44
11/11/2014,79.01
11/12/2014,79.2
11/13/2014,82.94
11/14/2014,82.96
11/17/2014,83.57
11/18/2014,83.79
11/19/2014,84.99
11/20/2014,84.58
11/21/2014,84.65
11/24/2014,85.4
11/25/2014,84.95
11/26/2014,84.98
11/28/2014,87.54
12/1/2014,86.22
12/2/2014,86.4
12/3/2014,84.94
12/4/2014,84.76
12/5/2014,84.12
12/8/2014,84.23
12/9/2014,83.56
12/10/2014,82.98
12/11/2014,83.83
12/12/2014,83.81
12/15/2014,83.94
12/16/2014,82.96
12/17/2014,84.23
12/18/2014,85.94
12/19/2014,85.16
12/22/2014,86.38
12/23/2014,86.66
12/24/2014,86.43
12/26/2014,86.91
12/29/2014,86.64
12/30/2014,86.79
12/31/2014,85.88
1/2/2015,85.9
1/5/2015,85.65
1/6/2015,86.31
1/7/2015,88.6
1/8/2015,90.47
1/9/2015,89.35
1/12/2015,90.02
1/13/2015,89.31
1/14/2015,86.61
1/15/2015,87.38
1/16/2015,86.77
1/20/2015,86.69
1/21/2015,86.64
1/22/2015,88.3
1/23/2015,88.51
1/26/2015,88.63
1/27/2015,87.53
1/28/2015,86.82
1/29/2015,87.72
1/30/2015,84.98
2/2/2015,85.71
2/3/2015,86.19
2/4/2015,86.65
2/5/2015,87.28
2/6/2015,87.33
2/9/2015,85.91
2/10/2015,87.29
2/11/2015,86.34
2/12/2015,85.89
2/13/2015,85.81
2/17/2015,85.96
2/18/2015,86.29
2/19/2015,83.52
2/20/2015,84.3
2/23/2015,84.6
2/24/2015,84.57
2/25/2015,83.57
2/26/2015,83.8
2/27/2015,83.93
3/2/2015,83.96
3/3/2015,83.37
3/4/2015,82.58
3/5/2015,83.57
3/6/2015,82.59
3/9/2015,82.88
3/10/2015,82.07
3/11/2015,80.69
3/12/2015,81.9
3/13/2015,81.9
3/16/2015,83.29
3/17/2015,82.62
3/18/2015,82.53
3/19/2015,81.52
3/20/2015,83.24
3/23/2015,83.31
3/24/2015,83.05
3/25/2015,81.32
3/26/2015,81.89
3/27/2015,81.35
3/30/2015,82.53
3/31/2015,82.25
4/1/2015,80.71
4/2/2015,80.73
4/6/2015,80.99
4/7/2015,80.5
4/8/2015,81.03
4/9/2015,80.84
4/10/2015,80.65
4/13/2015,80.29
4/14/2015,80.15
4/15/2015,79.74
4/16/2015,79.24
4/17/2015,77.88
4/20/2015,78.14
4/21/2015,78.03
4/22/2015,78.43
4/23/2015,79.18
4/24/2015,79.84
4/27/2015,79.37
4/28/2015,79.1
4/29/2015,77.88
4/30/2015,78.05
5/1/2015,78.6
5/4/2015,79.18
5/5/2015,78.13
5/6/2015,77.65
5/7/2015,78.03
5/8/2015,78.53
5/11/2015,78.1
5/12/2015,78.96
5/13/2015,78.16
5/14/2015,78.72
5/15/2015,79.24
5/18/2015,79.92
5/19/2015,76.43
5/20/2015,75.9
5/21/2015,76.11
5/22/2015,75.86
5/26/2015,74.9
5/27/2015,75.19
5/28/2015,74.84
5/29/2015,74.27
6/1/2015,74.73
6/2/2015,74.53
6/3/2015,74.89
6/4/2015,74.15
6/5/2015,73.06
6/8/2015,72.61
6/9/2015,72.47
6/10/2015,72.93
6/11/2015,72.94
6/12/2015,72.43
6/15/2015,71.93
6/16/2015,72.35
6/17/2015,72.73
6/18/2015,72.98
6/19/2015,72.74
6/22/2015,72.79
6/23/2015,72.57
6/24/2015,72.38
6/25/2015,71.86
6/26/2015,72.12
6/29/2015,71.42
6/30/2015,70.93
7/1/2015,71.88
7/2/2015,71.86
7/6/2015,72.53
7/7/2015,73.79
7/8/2015,73.06
7/9/2015,72.78
7/10/2015,73.12
7/13/2015,73.88
7/14/2015,73.79
7/15/2015,73.65
7/16/2015,73.83
7/17/2015,73.39
7/20/2015,73.1
7/21/2015,72.74
7/22/2015,73.16
7/23/2015,72.51
7/24/2015,71.58
7/27/2015,71.38
7/28/2015,72.1
7/29/2015,72.23
7/30/2015,72.16
7/31/2015,71.98
8/3/2015,72.18
8/4/2015,72.25
8/5/2015,73.51
8/6/2015,72.79
8/7/2015,71.25
8/10/2015,71.48
8/11/2015,71.93
8/12/2015,72.58
8/13/2015,72.11
8/14/2015,72.38
8/17/2015,71.91
8/18/2015,69.48
8/19/2015,68.57
8/20/2015,68.43
8/21/2015,66.54
8/24/2015,63.95
8/25/2015,63.1
8/26/2015,64.83
8/27/2015,66.08
8/28/2015,64.94
8/31/2015,64.73
9/1/2015,63.82
9/2/2015,64.44
9/3/2015,64.86
9/4/2015,63.89
9/8/2015,66.38
9/9/2015,65.12
9/10/2015,64.12
9/11/2015,64.65
9/14/2015,64.28
9/15/2015,64.32
9/16/2015,64.69
9/17/2015,64.47
9/18/2015,63.34
9/21/2015,63.72
9/22/2015,63.59
9/23/2015,63.72
9/24/2015,63.83
9/25/2015,63.78
9/28/2015,63.66
9/29/2015,63.78
9/30/2015,64.84
10/1/2015,64.27
10/2/2015,64.98
10/5/2015,65.87
10/6/2015,65.68
10/7/2015,66.36
10/8/2015,66.88
10/9/2015,66.69
10/12/2015,66.93
10/13/2015,66.73
10/14/2015,60.03
10/15/2015,59.33
10/16/2015,58.89
10/19/2015,58.85
10/20/2015,58.75
10/21/2015,58.64
10/22/2015,58.9
10/23/2015,58.3
10/26/2015,58.02
10/27/2015,57.48
10/28/2015,57.64
10/29/2015,57.96
10/30/2015,57.24
11/2/2015,57.61
11/3/2015,58.11
11/4/2015,58.37
11/5/2015,58.61
11/6/2015,58.78
11/9/2015,58.49
11/10/2015,58.68
11/11/2015,57.58
11/12/2015,56.95
11/13/2015,56.42
11/16/2015,57.87
11/17/2015,59.92
11/18/2015,60.93
11/19/2015,60.7
11/20/2015,60.07
11/23/2015,60.26
11/24/2015,59.92
11/25/2015,60.24
11/27/2015,59.89
11/30/2015,58.84
12/1/2015,58.99
12/2/2015,58.35
12/3/2015,59.04
12/4/2015,59.66
12/7/2015,60.5
12/8/2015,59.61
12/9/2015,59.13
12/10/2015,59.56
12/11/2015,59.36
12/14/2015,60.39
12/15/2015,59.64
12/16/2015,60.3
12/17/2015,58.98
12/18/2015,58.85
12/21/2015,59.55
12/22/2015,60.54
12/23/2015,61.09
12/24/2015,60.83
12/28/2015,60.75
12/29/2015,61.61
12/30/2015,61.68
12/31/2015,61.3
1/4/2016,61.46
1/5/2016,62.92
1/6/2016,63.55
1/7/2016,65.03
1/8/2016,63.54
1/11/2016,64.22
1/12/2016,63.62
1/13/2016,61.92
1/14/2016,63.06
1/15/2016,61.93
1/19/2016,62.56
1/20/2016,60.84
1/21/2016,61.88
1/22/2016,62.69
1/25/2016,63.45
1/26/2016,64
1/27/2016,63.95
1/28/2016,64.22
1/29/2016,66.36
2/1/2016,67.5
2/2/2016,66.86
2/3/2016,66.27
2/4/2016,66.42
2/5/2016,67
2/8/2016,66.9
2/9/2016,65.81
2/10/2016,65.79
2/11/2016,65.32
2/12/2016,66.18
2/16/2016,65.9
2/17/2016,66.11
2/18/2016,64.12
2/19/2016,64.66
2/22/2016,65.63
2/23/2016,66.48
2/24/2016,67.12
2/25/2016,68.04
2/26/2016,66.51
2/29/2016,66.34
3/1/2016,66.46
3/2/2016,66.21
3/3/2016,66.14
3/4/2016,66.78
3/7/2016,67.89
3/8/2016,68.04
3/9/2016,67.53
3/10/2016,67.41
3/11/2016,67.17
3/14/2016,67.36
3/15/2016,68.09
3/16/2016,67.99
3/17/2016,67.45
3/18/2016,66.95
3/21/2016,67.97
3/22/2016,67.87
3/23/2016,67.46
3/24/2016,68
3/28/2016,68.12
3/29/2016,68.03
3/30/2016,68.8
3/31/2016,68.49
4/1/2016,69.06
4/4/2016,69.1
4/5/2016,68.64
4/6/2016,69.04
4/7/2016,68.22
4/8/2016,68.06
4/11/2016,67.4
4/12/2016,68.8
4/13/2016,69.15
4/14/2016,68.8
4/15/2016,69.06
4/18/2016,69.86
4/19/2016,69.77
4/20/2016,69.21
4/21/2016,68.47
4/22/2016,68.72
4/25/2016,69.47
4/26/2016,69.3
4/27/2016,69.42
4/28/2016,68.91
4/29/2016,66.87
5/2/2016,67.59
5/3/2016,67
5/4/2016,67.19
5/5/2016,67.21
5/6/2016,68.25
5/9/2016,68.95
5/10/2016,68.79
5/11/2016,66.41
5/12/2016,66.85
5/13/2016,64.94
5/16/2016,66.02
5/17/2016,65.1
5/18/2016,63.15
5/19/2016,69.2
5/20/2016,69.86
5/23/2016,69.5
5/24/2016,70.24
5/25/2016,70.48
5/26/2016,70.85
5/27/2016,70.75
5/31/2016,70.78
6/1/2016,70.5
6/2/2016,70.95
6/3/2016,70.87
6/6/2016,71.05
6/7/2016,71.03
6/8/2016,71.28
6/9/2016,71.09
6/10/2016,71.14
6/13/2016,70.53
6/14/2016,70.95
6/15/2016,71.12
6/16/2016,71.3
6/17/2016,70.95
6/20/2016,71.1
6/21/2016,71.46
6/22/2016,71.75
6/23/2016,72.1
6/24/2016,71.96
6/27/2016,71.5
6/28/2016,71.51
6/29/2016,72.46
6/30/2016,73.02
7/1/2016,72.81
7/5/2016,73.14
7/6/2016,73.82
7/7/2016,73.53
7/8/2016,73.84
7/11/2016,74.06
7/12/2016,73.27
7/13/2016,73.62
7/14/2016,73.7
7/15/2016,73.67
7/18/2016,73.84
7/19/2016,73.66
7/20/2016,73.79
7/21/2016,73.52
7/22/2016,73.55
7/25/2016,73.75
7/26/2016,73.73
7/27/2016,73.32
7/28/2016,73.24
7/29/2016,72.97
8/1/2016,73.78
8/2/2016,73.13
8/3/2016,72.94
8/4/2016,73.3
8/5/2016,73.76
8/8/2016,73.34
8/9/2016,73.54
8/10/2016,73.95
8/11/2016,73.8
8/12/2016,73.89
8/15/2016,73.32
8/16/2016,72.89
8/17/2016,72.93
8/18/2016,74.3
8/19/2016,72.81
8/22/2016,72.7
8/23/2016,71.97
8/24/2016,72.23
8/25/2016,71.22
8/26/2016,71.14
8/29/2016,71.4
8/30/2016,71.31
8/31/2016,71.44
9/1/2016,72.84
9/2/2016,72.5
9/6/2016,73
9/7/2016,72.06
9/8/2016,71.83
9/9/2016,70.3
9/12/2016,71.94
9/13/2016,71.46
9/14/2016,71.52
9/15/2016,72.4
9/16/2016,72.87
9/19/2016,72.09
9/20/2016,71.97
9/21/2016,72.19
9/22/2016,72.27
9/23/2016,72.35
9/26/2016,71.62
9/27/2016,72.33
9/28/2016,71.79
9/29/2016,70.73
9/30/2016,72.12
10/3/2016,72.01
10/4/2016,71.75
10/5/2016,71.67
10/6/2016,69.36
10/7/2016,68.7
10/10/2016,67.98
10/11/2016,67.39
10/12/2016,67.46
10/13/2016,68.23
10/14/2016,68.45
10/17/2016,68.22
10/18/2016,68.87
10/19/2016,68.89
10/20/2016,68.73
10/21/2016,68.34
10/24/2016,69.19
10/25/2016,69.36
10/26/2016,69.59
10/27/2016,69.83
10/28/2016,69.99
10/31/2016,70.02
11/1/2016,69.3
11/2/2016,69.45
11/3/2016,69.63
11/4/2016,69.16
11/7/2016,69.78
11/8/2016,69.79
11/9/2016,71.1
11/10/2016,71.39
11/11/2016,71.23
11/14/2016,70.49
11/15/2016,71.42
11/16/2016,71.39
11/17/2016,69.19
11/18/2016,68.54
11/21/2016,69.37
11/22/2016,70.12
11/23/2016,70.83
11/25/2016,71.23
11/28/2016,71.19
11/29/2016,71.37
11/30/2016,70.43
12/1/2016,70.67
12/2/2016,70.88
12/5/2016,69.94
12/6/2016,70.36
12/7/2016,70.6
12/8/2016,70.34
12/9/2016,70.08
12/12/2016,71.67
12/13/2016,71.8
12/14/2016,71.34
12/15/2016,71.08
12/16/2016,70.98
12/19/2016,71.58
12/20/2016,71.82
12/21/2016,71.24
12/22/2016,69.59
12/23/2016,69.54
12/27/2016,69.7
12/28/2016,69.31
12/29/2016,69.26
12/30/2016,69.12
1/3/2017,68.66
1/4/2017,69.06
1/5/2017,69.21
1/6/2017,68.26
1/9/2017,68.71
1/10/2017,68.23
1/11/2017,68.53
1/12/2017,67.97
1/13/2017,67.13
1/17/2017,68.42
1/18/2017,68.11
1/19/2017,67.62
1/20/2017,67.18
1/23/2017,66.65
1/24/2017,67.4
1/25/2017,66.89
1/26/2017,66.73
1/27/2017,65.66
1/30/2017,66.42
1/31/2017,66.74
2/1/2017,66.23
2/2/2017,66.7
2/3/2017,66.5
2/6/2017,66.4
2/7/2017,66.89
2/8/2017,67.81
2/9/2017,69.08
2/10/2017,68.02
2/13/2017,67.77
2/14/2017,68.66
2/15/2017,68.69
2/16/2017,68.87
2/17/2017,69.37
2/21/2017,71.45
2/22/2017,71.71
2/23/2017,71.31
2/24/2017,72.39
2/27/2017,71.74
2/28/2017,70.93
3/1/2017,70.45
3/2/2017,70.76
3/3/2017,70.03
3/6/2017,69.88
3/7/2017,69.87
3/8/2017,69.8
3/9/2017,69.86
3/10/2017,70.1
3/13/2017,69.95
3/14/2017,70.72
3/15/2017,70.58
3/16/2017,70.44
3/17/2017,69.89
3/20/2017,69.98
3/21/2017,69.9
3/22/2017,70.25
3/23/2017,69.86
3/24/2017,69.61
3/27/2017,69.66
3/28/2017,70.32
3/29/2017,70.74
3/30/2017,71.59
3/31/2017,72.08
4/3/2017,71.83
4/4/2017,72.01
4/5/2017,71.65
4/6/2017,71.43
4/7/2017,72.9
4/10/2017,73.06
4/11/2017,73.43
4/12/2017,73.44
4/13/2017,73.15
4/17/2017,73.49
4/18/2017,73.89
4/19/2017,74.07
4/20/2017,74.8
4/21/2017,74.94
4/24/2017,74.78
4/25/2017,75.05
4/26/2017,75.43
4/27/2017,75.44
4/28/2017,75.18
5/1/2017,75.23
5/2/2017,75.52
5/3/2017,75.76
5/4/2017,76.34
5/5/2017,76.5
5/8/2017,76.12
5/9/2017,76.72
5/10/2017,76.7
5/11/2017,76.13
5/12/2017,75.71
5/15/2017,76.29
5/16/2017,75.11
5/17/2017,75.12
5/18/2017,77.54
5/19/2017,78.77
5/22/2017,78.55
5/23/2017,78.49
5/24/2017,78.15
5/25/2017,78.31
5/26/2017,78.13
5/30/2017,78.15
5/31/2017,78.6
6/1/2017,79.81
6/2/2017,79.62
6/5/2017,80.26
6/6/2017,78.93
6/7/2017,79.15
6/8/2017,78.93
6/9/2017,79.42
6/12/2017,79.24
6/13/2017,79.52
6/14/2017,79.9
6/15/2017,78.91
6/16/2017,75.24
6/19/2017,75.5
6/20/2017,75.54
6/21/2017,76.24
6/22/2017,75.52
6/23/2017,74.84
6/26/2017,75.5
6/27/2017,76.01
6/28/2017,76.51
6/29/2017,75.93
6/30/2017,75.68
7/3/2017,75.36
7/5/2017,75.32
7/6/2017,75.47
7/7/2017,75.33
7/10/2017,73.23
7/11/2017,73.47
7/12/2017,73.94
7/13/2017,75.05
7/14/2017,76.34
7/17/2017,76.37
7/18/2017,76.2
7/19/2017,75.87
7/20/2017,76.02
7/21/2017,76.15
7/24/2017,76.89
7/25/2017,78.52
7/26/2017,78.9
7/27/2017,79.78
7/28/2017,79.81
7/31/2017,79.99
8/1/2017,80.5
8/2/2017,80.53
8/3/2017,80.87
8/4/2017,80.48
8/7/2017,81.28
8/8/2017,81.59
8/9/2017,81.61
8/10/2017,80.66
8/11/2017,80.4
8/14/2017,80.7
8/15/2017,80.77
8/16/2017,80.98
8/17/2017,79.7
8/18/2017,79.31
8/21/2017,79.71
8/22/2017,80.02
8/23/2017,79.96
8/24/2017,78.34
8/25/2017,78.63
8/28/2017,78.03
8/29/2017,78.77
8/30/2017,78.54
8/31/2017,78.07
9/1/2017,78.37
9/5/2017,79.8
9/6/2017,80.08
9/7/2017,80.12
9/8/2017,78.88
9/11/2017,79.08
9/12/2017,79.61
9/13/2017,79.86
9/14/2017,79.68
9/15/2017,80.38
9/18/2017,80
9/19/2017,80.05
9/20/2017,80.5
9/21/2017,80.01
9/22/2017,79.53
9/25/2017,79.15
9/26/2017,79.39
9/27/2017,79.29
9/28/2017,78.95
9/29/2017,78.14
10/2/2017,78.45
10/3/2017,79.22
10/4/2017,79.09
10/5/2017,79.41
10/6/2017,79
10/9/2017,80.53
10/10/2017,84.13
10/11/2017,84.63
10/12/2017,86.1
10/13/2017,86.62
10/16/2017,85.74
10/17/2017,85.98
10/18/2017,86.22
10/19/2017,86.4
10/20/2017,87.44
10/23/2017,88.65
10/24/2017,87.98
10/25/2017,88.48
10/26/2017,88.62
10/27/2017,88.17
10/30/2017,86.95
10/31/2017,87.31
11/1/2017,87.94
11/2/2017,88.8
11/3/2017,89.68
11/6/2017,88.7
11/7/2017,88.95
11/8/2017,90.26
11/9/2017,90.3
11/10/2017,90.92
11/13/2017,90.99
11/14/2017,91.09
11/15/2017,89.83
11/16/2017,99.62
11/17/2017,97.47
11/20/2017,97.48
11/21/2017,96.52
11/22/2017,96.41
11/24/2017,96.62
11/27/2017,96.62
11/28/2017,96.77
11/29/2017,97.56
11/30/2017,97.23
12/1/2017,97.35
12/4/2017,97.01
12/5/2017,97.83
12/6/2017,97.28
12/7/2017,96.78
12/8/2017,96.55
12/11/2017,96.93
12/12/2017,96.7
12/13/2017,97.76
12/14/2017,97.13
12/15/2017,97.11
12/18/2017,97.9
12/19/2017,98.8
12/20/2017,98.75
12/21/2017,98.06
12/22/2017,98.21
12/26/2017,99.16
12/27/2017,99.26
12/28/2017,99.4
12/29/2017,98.75
